Datetime,Water Level (m)
2025-09-30 06:00:00,0.03389657
2025-09-30 07:00:00,0.038883287
2025-09-30 08:00:00,0.12833083
2025-09-30 09:00:00,0.28394282
2025-09-30 10:00:00,0.43295142
2025-09-30 11:00:00,0.5463667
2025-09-30 12:00:00,0.60358053
2025-09-30 13:00:00,0.5621579
2025-09-30 14:00:00,0.425025
2025-09-30 15:00:00,0.26902476
2025-09-30 16:00:00,0.12987053
2025-09-30 17:00:00,0.028779132
2025-09-30 18:00:00,-0.024399195
2025-09-30 19:00:00,-0.009597694
2025-09-30 20:00:00,0.12763007
2025-09-30 21:00:00,0.31008166
2025-09-30 22:00:00,0.48225015
2025-09-30 23:00:00,0.62499875
2025-10-01 00:00:00,0.73237723
2025-10-01 01:00:00,0.79627484
2025-10-01 02:00:00,0.80943817
2025-10-01 03:00:00,0.7486372
2025-10-01 04:00:00,0.62529105
2025-10-01 05:00:00,0.48351276
2025-10-01 06:00:00,0.34810546
2025-10-01 07:00:00,0.24229226
2025-10-01 08:00:00,0.17371126
2025-10-01 09:00:00,0.16418417
2025-10-01 10:00:00,0.24667811
2025-10-01 11:00:00,0.40307647
2025-10-01 12:00:00,0.57662636
2025-10-01 13:00:00,0.72227675
2025-10-01 14:00:00,0.7916002
2025-10-01 15:00:00,0.76886296
2025-10-01 16:00:00,0.678083
2025-10-01 17:00:00,0.5599633
2025-10-01 18:00:00,0.4397803
2025-10-01 19:00:00,0.33286536
2025-10-01 20:00:00,0.25508666
2025-10-01 21:00:00,0.23505849
2025-10-01 22:00:00,0.31349415
2025-10-01 23:00:00,0.5192361
2025-10-02 00:00:00,0.75858307
2025-10-02 01:00:00,0.97592396
2025-10-02 02:00:00,1.1326156
2025-10-02 03:00:00,1.209935
2025-10-02 04:00:00,1.1765057
2025-10-02 05:00:00,1.0411814
2025-10-02 06:00:00,0.8698802
2025-10-02 07:00:00,0.6986434
2025-10-02 08:00:00,0.54613084
2025-10-02 09:00:00,0.42195964
2025-10-02 10:00:00,0.33841127
2025-10-02 11:00:00,0.3232117
2025-10-02 12:00:00,0.46206248
2025-10-02 13:00:00,0.7325755
2025-10-02 14:00:00,0.95801836
2025-10-02 15:00:00,1.0956697
2025-10-02 16:00:00,1.1130128
2025-10-02 17:00:00,1.0168439
2025-10-02 18:00:00,0.84467334
2025-10-02 19:00:00,0.6649638
2025-10-02 20:00:00,0.5023779
2025-10-02 21:00:00,0.36769733
2025-10-02 22:00:00,0.27203414
2025-10-02 23:00:00,0.25725922
2025-10-03 00:00:00,0.4368547
2025-10-03 01:00:00,0.7649035
2025-10-03 02:00:00,1.0664158
2025-10-03 03:00:00,1.2759002
2025-10-03 04:00:00,1.3663657
2025-10-03 05:00:00,1.3098093
2025-10-03 06:00:00,1.0861069
2025-10-03 07:00:00,0.8314072
2025-10-03 08:00:00,0.60492575
2025-10-03 09:00:00,0.414432
2025-10-03 10:00:00,0.25469267
2025-10-03 11:00:00,0.13160977
2025-10-03 12:00:00,0.0839113
2025-10-03 13:00:00,0.31319785
2025-10-03 14:00:00,0.6691815
2025-10-03 15:00:00,0.9473997
2025-10-03 16:00:00,1.1216332
2025-10-03 17:00:00,1.1550852
2025-10-03 18:00:00,1.00572
2025-10-03 19:00:00,0.7399579
2025-10-03 20:00:00,0.499156
2025-10-03 21:00:00,0.29380748
2025-10-03 22:00:00,0.13245018
2025-10-03 23:00:00,0.0018596875
2025-10-04 00:00:00,-0.062815785
2025-10-04 01:00:00,0.15338258
2025-10-04 02:00:00,0.565133
2025-10-04 03:00:00,0.921016
2025-10-04 04:00:00,1.1842935
2025-10-04 05:00:00,1.3095858
2025-10-04 06:00:00,1.2472855
2025-10-04 07:00:00,0.9688885
2025-10-04 08:00:00,0.6796635
2025-10-04 09:00:00,0.43637478
2025-10-04 10:00:00,0.2385994
2025-10-04 11:00:00,0.07787477
2025-10-04 12:00:00,-0.0517982
2025-10-04 13:00:00,-0.059582002
2025-10-04 14:00:00,0.33725744
2025-10-04 15:00:00,0.7077221
2025-10-04 16:00:00,1.0238818
2025-10-04 17:00:00,1.2197967
2025-10-04 18:00:00,1.2458403
2025-10-04 19:00:00,1.0421532
2025-10-04 20:00:00,0.73552585
2025-10-04 21:00:00,0.4730929
2025-10-04 22:00:00,0.25639045
2025-10-04 23:00:00,0.08542163
2025-10-05 00:00:00,-0.056929085
2025-10-05 01:00:00,-0.11813424
2025-10-05 02:00:00,0.23177661
2025-10-05 03:00:00,0.67976326
2025-10-05 04:00:00,1.0607677
2025-10-05 05:00:00,1.3213853
2025-10-05 06:00:00,1.409014
2025-10-05 07:00:00,1.2373319
2025-10-05 08:00:00,0.8966071
2025-10-05 09:00:00,0.60446155
2025-10-05 10:00:00,0.36078882
2025-10-05 11:00:00,0.16639456
2025-10-05 12:00:00,0.0005205034
2025-10-05 13:00:00,-0.12705049
2025-10-05 14:00:00,-0.09330808
2025-10-05 15:00:00,0.40570366
2025-10-05 16:00:00,0.82735866
2025-10-05 17:00:00,1.174461
2025-10-05 18:00:00,1.3726302
2025-10-05 19:00:00,1.3453373
2025-10-05 20:00:00,1.0446889
2025-10-05 21:00:00,0.7186327
2025-10-05 22:00:00,0.45035633
2025-10-05 23:00:00,0.23592713
2025-10-06 00:00:00,0.063009985
2025-10-06 01:00:00,-0.086902924
2025-10-06 02:00:00,-0.1271512
2025-10-06 03:00:00,0.33846095
2025-10-06 04:00:00,0.7999144
2025-10-06 05:00:00,1.1908675
2025-10-06 06:00:00,1.4327615
